Address,Status,Bought Amount (ALPH),Remaining (ALPH)
14jJQ2kzPMiv8vWBvXrwTBe1VA8vajFarapjWx6gjh8Rg,No Purchase,0.0000,5036.6300
16dhu58SwEQdmD17HSUgDdgam9qgEYH2gnMf6WAj33hUh,Fully Allocated,5036.6299,0.0000
18yrQUCWAXD6yXYB5SwMV6feSVCBEBGQDMeNJxcWxr1op,Fully Allocated,5036.6299,0.0000
14hKN8wZ1qKtsxSVxZaiCQAtu2BCuEeGPMj8URsDKQaER,Fully Allocated,5036.6299,0.0000
16xUjiK4nbaUUYPmACDs9QyRNoNsqRYye7xevEwPhUzUK,Fully Allocated,5036.6299,0.0000
1CUQJGnMaisk93NLej1hpZHkJJxUBBjBWmcyZQcZzNdVx,Fully Allocated,5036.6299,0.0000
1ERzBPucqyxTWu4LBrjWRv8mnGQKPXE2wjweR31NKhTco,Fully Allocated,5036.6299,0.0000
1ASTDJdXDCHRRBxNipHSHpzEDpvaNcv6oDwurPx3R2nuq,Fully Allocated,5036.6299,0.0000
13RvaNPgTvf69i649pcYft2ihZHEa6jq894zrPuCJbj7F,Fully Allocated,5036.6299,0.0000
12CvKLQQR8bj1ir2gQDRdKqSjP6YSca9sUDnZtgv97y6Q,Fully Allocated,5036.6299,0.0000
16Fv7oP2ewhaAdoQNqPDWNQNp2Jipx3agNt95vQCKm1CG,Fully Allocated,5036.6299,0.0000
1meA814fCi6ksGthf8xYBhPQsc82EsxUb7tVNojePFoN,Fully Allocated,5036.6299,0.0000
1JAuox1QYyQpbUuG15kKdibL4azHMMC2nLacWHjh8X4VF,Fully Allocated,5036.6299,0.0000
1BKbAGjfQN695iAAp5TubaWDavu8m4x9aiRSjRMXqEeFs,Fully Allocated,5036.6299,0.0000
1Dr3MLEA48XjZc1WQ3MEGCqXQMm2UK9TxMpPBt5MLRmdo,No Purchase,0.0000,5036.6300
1FLifvY6aNmUGJbL8Dsj1X6h3UD2DsVrhh4hWAW1t3uRm,Fully Allocated,5036.6299,0.0000
16ZuAUyUQ6vDFmEqG6SMsbkSc5n6HQW4BRmYfzpAaJVj6,Fully Allocated,5036.6299,0.0000
19e3yBER3hua6W4Hrv57nEt9xfRvQJbReCT4Au5DgKXF6,Under Bought,5023.2209,13.4091
1ASrXBHbYf4Pc3Yh5YHPTEKHKzuEdyH2AteoaPkz4JvYZ,Fully Allocated,5036.6299,0.0000
1B5bN4J6S8FNaiGp54Q1LKU7CicE6PVRDUsitEfWJcTyu,Fully Allocated,5036.6299,0.0000
159WxkRAMhtdmdFNFQqY5CSLA4DaZCVmXtJK384rEYN1a,Fully Allocated,5036.6299,0.0000
19G4mchDaGp4jPRM5Ge5fEZvWfkwJ21oTfS2mPTSE97n8,Fully Allocated,5036.6299,0.0000
1Bq4EBVFM5NNuFiftjztQfqTpnenmSf32pCg4i693ZZo6,Fully Allocated,5036.6299,0.0000
1HQy35LTqXeF7udD5Vc9ervzZ3fVQauR4PJe2adtm7C9u,Fully Allocated,5036.6299,0.0000
18xn6tWCduStu6hd3Wt5CzZ4DqiwuSnucc8boAp26HKdG,Fully Allocated,5036.6299,0.0000
1AsSKs4BrH4wUi2wdfVHjbij6mPc9Vd2TCg1pSCyhzEeC,Fully Allocated,5036.6299,0.0000
13dRnFYYDn3d43mbgMxZntZpYu3GHeMAxqQqGLzXjqEr8,Fully Allocated,1870.7482,0.0000
1GKWggDapVjTdU2vyna3YjVgdpnwHkKzx8FHA9gU7uoeY,Fully Allocated,1870.7482,0.0000
12Gegxe6wnHi6pSqwXHq6zFMVFnSVzqPRsh6Dok8j5Zp4,Fully Allocated,1870.7482,0.0000
19W6AJoAN7p2b5XnVFSLPpTn2Uw8b3eTQv9bUBZbybt2Z,No Purchase,0.0000,1870.7483
1E2pbwXcH5tNHRWV7pHnspiPeTjfcBEU3AqNeNZEKi7Ar,Fully Allocated,1870.7482,0.0000
1AVYzv1UDXcdSd44xLsToxo5F8qptWFATMYVGjy6Su9zu,Fully Allocated,1870.7482,0.0000
14Dz696p3tFF9AdRPpzqstU2kmmDRSSc1V72iogRH4WRA,Fully Allocated,1870.7482,0.0000
18nj4suY9sVPBj3bXE35bBe8MEzggg3cRAtnn3MXuNH5R,Fully Allocated,1870.7482,0.0000
15uZVwwyjcdFJTmUPn9Cs6fQvRzJ7RrpKPJ7RQ9jGAzm2,Fully Allocated,1870.7482,0.0000
17nVKTaBEYjgrkvC5mSo3z4DdYu2smooop3kGNVhTPhnN,Fully Allocated,1870.7480,0.0000
18RvSCLTYGgMfSBz4NPmyGDutuVxyM5gSo9dojasbmMoZ,Fully Allocated,1870.7482,0.0000
1DTVQGoZDnS8rCiyDxA1uLmuNskFzDNyk2G6RkzLjmrRY,Fully Allocated,1870.7482,0.0000
1ER3CJNSB6SLk4Zhg7HkxvMmM6VhT7dpH5eDwvKsC1NbD,Fully Allocated,1870.7482,0.0000
13izTtRZW2dHV1YnkY4zReHeqx1xNd171pkeaJNgfSVPL,Fully Allocated,1870.7482,0.0000
1DMz5iR32nUmdxakQqxRhYf56UyM6LH4yEBgo2RhDQT6q,Fully Allocated,1870.7482,0.0000
1Tss5Jr6N8QafG8bozNence69uvx9SXTRuufqbt3xLW1,Fully Allocated,1870.7482,0.0000
13wjUUyD7XGbvsub5pgFsEVwgZPcJ6rxChsGn5NDJ5WsF,Fully Allocated,1870.7482,0.0000
14C1xhedsChjAArCVg7sFRHSSxhPVSiGjdPP4wTC7vddQ,Fully Allocated,1870.7482,0.0000
1H1oYbH7tQtXUqSq3jWbMQF7UDmUpkyjJQpHztFNn4KFE,Fully Allocated,1870.7482,0.0000
16GyxESLmBRzFbJ2bQm7ShmGUL412zk5WNE8VpLRLBsce,Fully Allocated,1870.7482,0.0000
1Bpo2hcXqMpQhSLgcRSp2V4eBc4s5tWmJrxRr2HLSPDjr,Fully Allocated,1870.7482,0.0000
1GX1LLphph5J3ur8ky79VRFfxi2JQXHyBDQZr2eaTBbwM,Under Bought,1200.0000,670.7483
1E1YZjQ16sZKLH6fXTzGcgasqoWuZbwJ6GSB2W9PyFYHH,Fully Allocated,1870.7482,0.0000
1HeZwgD4CzgTeMLF8hd2HNKB4b788vZ1WzSzeZ4GGC5yC,Fully Allocated,1870.7482,0.0000
16zCvUyRBrLRtC9wZKVLmAdq5kbPuevDt6E5XyBe98uif,Fully Allocated,1870.7482,0.0000
12KQKA6UWXJvo1YFYiEDk2EsAW4SEqPS4uGfYVU1PQFkM,Fully Allocated,1870.7482,0.0000
13hnJarq1P2aHddnw9M1EBZscEh51wpjqTEkAkf5kPt2j,No Purchase,0.0000,647.5667
15oKH5qTRMnwGXStvB6MwJ8raYqPqXuz7LCvAJLuUU6Rr,Fully Allocated,647.5666,0.0000
1Hn9AQ6v26jocgJkcvJmHSSdiU5K3XBJnQfz2JFQDFbFJ,Fully Allocated,647.5666,0.0000
1C6ipvRtbxwkrC7iWg8kfTqCdGXF9VvANxykdaPuvHGZk,Fully Allocated,647.5666,0.0000
19N9kVRQuGjK9LarXtmAksiECcAgLRXHXJ6KWxCj8EV82,Fully Allocated,647.5666,0.0000
15TYZQYpFDtcdsxDrQJQpFnqBoRfjwzuDgMRCAjBQmzT5,Fully Allocated,647.5666,0.0000
123Bwx3vhGRuTm2GfQZg6y9Yq3wUzJimt39LT6RjR5CEt,Fully Allocated,647.5666,0.0000
15UCCrvTuUjYV83GBrTnkre6fu7EbXZAWVEwJ8G3LBQL8,Fully Allocated,647.5666,0.0000
1gV9W3FVEsSF2AwBYzC2vBJ4sWa2RSXNWENvM4i4wyM9,Fully Allocated,647.5600,0.0000
15uqsD3CtkuECzzmXzGBr6oC3QmyHQJ6r5Rn1ze4YfRzc,Fully Allocated,647.5666,0.0000
1EHRocJoXL1ZQQJ26Eq4LhAbs3MfrDNQf5qNeEn8FmCEZ,Fully Allocated,647.5666,0.0000
1HttDbRJsjtM4vtiAXocKdVxffaqfLq9Xk7jdATguPcXo,Fully Allocated,647.5666,0.0000
1AdSxQ8abZQWsPRrmU1Qz7mQRuVUYvsVRFUmbmDdYw4rS,Fully Allocated,647.5666,0.0000
1F9oeGvWH3babJE8ewCsvQ6HkmwSN4eBULcuyoM5eUANm,Fully Allocated,647.5666,0.0000
1E6Qq7BrqXbpuNVJTmbwJV7jyB76rNWCC7M2XqtEbkM9E,Fully Allocated,647.5666,0.0000
1EADddHUXR13dT4fQpWgYgsyzJUZLL1RAZHZfoL3JtwVW,Fully Allocated,647.5666,0.0000
14UjG8Br8nbz53i28DRb7F6SxLEnR6fWwixfnwcAhVw1V,Fully Allocated,647.5666,0.0000
1BthqX4NqZqLPfq7fHRnKgs5ukRy8EYfc2mwGx57qLaAp,Fully Allocated,647.5666,0.0000
1BegoAyuHsV5pwXkRwh5AjgH36pxuwdK7K9ZLfBHaDkAJ,Under Bought,251.9575,395.6092
19Wz7tztJyLMDoaef3BMARkMPjcJbicCnnq8DrbwNNdJe,Fully Allocated,647.5666,0.0000
131QJV6oD5MDfBszMRrdo42r9g6ce1Hzs15Cr2HtURU5s,Fully Allocated,647.5666,0.0000
1AgxT2989rmviXmzm1xWrJRorYueroGkVkRfnwaCEYoAG,Fully Allocated,647.5666,0.0000
1BfjyeNkmn2D2MvQqyeLQGqPHkYpAsZQUecLvbECf3zb,No Purchase,0.0000,647.5667
1KxwUjQmxCjBB4nbrxQaMt2p7i9NTK1buRbwP3Y9dYAy,Fully Allocated,647.5666,0.0000
18Fbp2srw3FkxwPkqFT5QTGyBZyDDhrtLGDf5h6q4Vgms,No Purchase,0.0000,647.5667
1vhthwsrj4UpJ25DVqrPJYhSyFPzyoo1t9wgxPvUVY15,Fully Allocated,647.5666,0.0000
1DWz1Qpm4PQrn8h4oCf7Pc7pnudEgZFASMXoJHdJ54bNB,Fully Allocated,647.5666,0.0000
1D2X7auRjFqnPe6VZnVgCVb8NZK6A9veEgqqEf6bvreTb,Fully Allocated,647.5666,0.0000
1X5Gi6DBqPWacws4RiovWNY9FwtMun6vrQZKYNW66BoU,Fully Allocated,647.5667,0.0000
18wGQjSRjut5ujaxaumHp7ktgE4d39d6dwe4XUH9pDAyH,Fully Allocated,647.5666,0.0000
19PfFkwKwk9DVCm19ZSd5YwGjp2xP1wRRygYQEeemrgAY,Fully Allocated,647.5666,0.0000
14AECaCmDvXkPSUThJuaARgdHmhaeWoabBtwqrfxcwiPU,Fully Allocated,647.5666,0.0000
12J8rmA29dRs9bEk266KABj5ybP3kqxG9me5hzUKgkGk5,No Purchase,0.0000,647.5667
1AWZ1x17H8bHrQmd2HDyUuST92VQYu4nmVfNfctUKTv1B,Fully Allocated,647.5666,0.0000
1Bk71VeWmYEfagPsXXWKKWXEoD3eYvCF2MT26hR6pcGcr,Fully Allocated,647.5666,0.0000
1CmQ4gpoPCwKE5v3WuPj8T2fCK1QJdiye8X8gAdV9fLXD,Under Bought,635.0000,12.5667
13fyy7ydXEARTUKB9AEta9Y6oyWz4mnzJgkkLZfa75orc,Fully Allocated,647.5666,0.0000
1DKsoA7TmooHfikH6vvwzDzv2xAkEndQCuhbodcxPF8Ht,Fully Allocated,647.5666,0.0000
12QTTNaFxwrNK5obh1GaSbvH12eiJbxcpyKdGfoT4cK87,Fully Allocated,647.5666,0.0000
1FWnpgvQZpz23d6t2rWV9C9ZaUpXYqqDrGSoFEcfnTz5k,Fully Allocated,647.5666,0.0000
16isZ1GduVNgKvnXuuFP4W2WZrzK634wnyWJMa9X9hfzf,Fully Allocated,647.5666,0.0000
14sJCEZme2rJxTPhdgLbFWYjrpUkpqhyg26d3ug25i7Vm,Fully Allocated,647.0000,0.0000
1CS1XNP6Qz4JwktccA6W1btY8AGReK63WiyEu41uGVpfP,Fully Allocated,647.5660,0.0000
1GuNaekoN6NcASRSTacEqwggDcufkcCJJmSzVeGxjmhFE,Fully Allocated,647.5666,0.0000
17pXUGzeveYLaTXhULWfVZCDcdTH9ffpdpiWHzE4VkxjG,Fully Allocated,647.5666,0.0000
1ALbtbMiq99kJDPmPk6gqfuW9nZWLGFHnn85A45SpgkTe,Fully Allocated,647.5666,0.0000
17bT8H2FnmVTBV7cp7mk9XytoEwSqCKA1BQT9WZF4YjhK,Fully Allocated,647.5666,0.0000
13pXLh9AyR5VPzFZzFqGRGMcK9rG7hxuVTRALduzn3ps7,No Purchase,0.0000,647.5667
15VcZS6M5CDyt5TCxmiZeWTxqT1af8CpxvD9jjpGjmWFQ,Fully Allocated,647.5666,0.0000
14RdJNmmTxzWJYqR5HrqdKZd99uCP6CMJueof2Qm3KUtQ,Under Bought,595.7000,51.8667
1DJd7zyQrnFCRN3pycZyigEHpfhkZNcmyTw6ApGCKLWnM,Fully Allocated,647.5666,0.0000
17Cf96JCpxfyY2EdHSXV88rWLPsMUoCVMxUTMMvmDFwPv,Fully Allocated,647.5666,0.0000
157L9MsM4AAfL2CJeqHHZR4bUaZRfsCLW2FaRQDyoXdjg,Fully Allocated,647.5666,0.0000
1BY8fRZ1dEEsMYLVreWwfuPdagyEUXERK3amEPqaxmea3,Fully Allocated,647.5666,0.0000
1CpSYZfBCqzMmcwsh1XPE4396DSCv7C2WVECvydCWoWVY,Fully Allocated,647.5666,0.0000
19CeEm3rD2EfEvVuXmZ4AdwnXrDYtd6kowMeKd4xK2iK7,Fully Allocated,647.5666,0.0000
18q3kBGDjokZFFWV3jSLiQYBAiRwcjxe6Nhi8SmzwtuXu,Fully Allocated,647.5666,0.0000
1CAxaM6c5dgrKSZ4r63nrUEdAVw4a87WB8d6dEvJncB8W,Fully Allocated,647.5666,0.0000
1AYmKcqPYxSRiUgM5JAtHvTSDQkmEQL1sav3VunTUqEWd,Fully Allocated,647.5666,0.0000
19PZP4eWmsE1uzRU89w4ytBMAnzbykaJuEtx2TT6dSEM6,Fully Allocated,647.5666,0.0000
1EXvdrYyugeLLJYJhSnzYjksVKxabAF3TJLrF2F9MmwAL,Fully Allocated,647.5666,0.0000
1J9wVM9po2uFjXjmstQKBriC2aNyga5Ke4htC8wi3az5V,Under Bought,423.3867,224.1800
1G4wvP2zFGQPy8uMErs6mF2dsdQBCrhTFfH1LdY3w327c,Fully Allocated,647.5666,0.0000
1GdQcEw9w11SJjLVnjJfAtJRrGp6RFUg95aeMaM4KpMTs,Fully Allocated,647.5666,0.0000
1FZfLs5CVmBVQcM7Npbng8HJojp6VyAe1PReFKjEGqYVo,Fully Allocated,647.5666,0.0000
149ysxkevcvqgvzVYVE4zxDV6yaJ2Jo7LTjj5tp2BFyMR,Fully Allocated,647.5666,0.0000
1rFgoWF9b538P8WGjqunT67THTs35BAkGwTinG9mbA2Q,Fully Allocated,647.5666,0.0000
1CKLwtEpdpu1pKXtxvhdKzkWzY9uhnvEzzUKmHraeChic,Fully Allocated,647.5666,0.0000
12AGHWXWDFDuaws2FzSrrB3XRSULUwVaXvZWv4Ky5QmJr,Fully Allocated,647.5666,0.0000
1HjyiQEuzCdbxXSajLXEVD7reGTSWG7istWJkqufV8CHD,Fully Allocated,647.5666,0.0000
1B9E2335A2nsn9Fi9aTMirCSUJjqQeHhgxLWZJz2YRLRx,Fully Allocated,647.5666,0.0000
17RnYNTDAWJumGJJhiKdmByC2nXVynBrkrmg25FYTAVpB,Fully Allocated,647.5666,0.0000
1GFRczgv11XmV6hoJPqFDXKej1KguKsLP4wQEF7aYCnAE,Fully Allocated,647.5666,0.0000
1BK1subUcBXiizAKtDP7F3XUyyBacyHTovR4PgTNvDW2W,Fully Allocated,647.5666,0.0000
1DkVVGnJduCH3KojQLJdhX78qQgwvrVtGcKW9guXunQBd,Fully Allocated,647.5666,0.0000
17KNHHeJoVXjWrgqL9cimQjhkd5TR6m1rVUfZZvrunQ8k,Fully Allocated,647.5666,0.0000
16sX7iiLVVenvngjJ3bpnyUgGq9M8Rpu7oiQBVB9CaHrz,Fully Allocated,647.5666,0.0000
18SC9nEZKUZkWuf95zY2fu1v4ZupdYRv1rbsPqD8qX5uL,Fully Allocated,647.5666,0.0000
1AKEmSo19Fy8t1j8Tvr4nvQgdVMKxpKZtHijNgSzCC3zP,No Purchase,0.0000,647.5667
16AvRroa1QDN6PU3zv1xusz5et16oCtPXg5W9JQv6ZoqP,Fully Allocated,647.5666,0.0000
1Hdm8C5hmcKqgaZ3yjqXcp16k6E6gATDb76ojhrCLPgPj,Fully Allocated,647.5666,0.0000
19EXwSpnve2WfrGFi47CNqgakXSD7Tb6q4cZX4ifBKqai,Fully Allocated,647.5666,0.0000
12g8P3W49BYdWZp98x8GVpoAE5cr6TDNJPCMwegoTLd9v,Fully Allocated,647.5666,0.0000
1Ac3xQJjFo1qh1VGZUqYnxLvh2pi2sgHpRMePMv4zkasQ,Fully Allocated,647.5667,0.0000
1AkRFNjokQ67fsZsZy8MWNwnFSECsYxGwpSksJqENzQ6L,Fully Allocated,647.5666,0.0000
18GYiRkQwvqjP21VdKyM9f1qA632TWKGNGoNTpvceLY7S,Fully Allocated,647.5666,0.0000
138G6ZDhjzxSxCnRr8De8pftGZEQ8unffCkVh97Kc4w2A,Fully Allocated,647.5666,0.0000
19tvYk2qzrSnb3SjVzqxE7EaybVrtxEGGpWYDC6dBcsMa,Fully Allocated,647.5666,0.0000
1An4taTeirZEn94yJDF4jopSNeSXpftyDj1Uo6xY3rkcQ,Fully Allocated,647.5666,0.0000
17wS1Y5JGFxASNYwfhwcZxwbqYPWFdYzRbZeph4hKnDqq,Fully Allocated,647.5666,0.0000
1BLa9urWRfepNwGCDnvgX9X6tYsqMJV5Pg5Mz66Dns5o3,Fully Allocated,647.5666,0.0000
14g6UzpENCRPNdAk4qbaua2pcursnC5cmvVmzRtPEo51R,Under Bought,0.0001,647.5666
1YSsLdAcxvaFg9iWhHLE2C7LGfS6u8rsNWawfNTDQvzZ,Fully Allocated,647.5666,0.0000
164RFkKQeNwXJqsZcrYbBNVioP822CDu3NqYJx1wYmqkA,Fully Allocated,647.5666,0.0000
193S2y1BMJW4r71EirBQXaf2s1xjxRZ91iAFrsckGFEN4,No Purchase,0.0000,647.5667
1GwsgMTBafT6kZtPF7MM7RsFoowZzpgfprA1FRQgAYm3f,Fully Allocated,647.5666,0.0000
18chQJwcadFDSebF2mkhFBRVVBxashAHD34tyqwSvfV94,Fully Allocated,647.5666,0.0000
1GB8KvvQFY57zFBHDHB8U562EBgTubJdsVwEbpRn8Va8d,Fully Allocated,647.5666,0.0000
1BMvKqUB9DhJtLdWJsyggmZ1CvYa1PPRcYDe4YEuCoPxy,Fully Allocated,647.5666,0.0000
1DhGVzEtoLyxjRwUjmV118fD6SLHMnxQ338X4SvjKHjrn,Fully Allocated,647.1743,0.0000
189LPswyoTsHbksS9KueYpyAi1K5gmu3wUsLQmPkB2Afh,Fully Allocated,647.5666,0.0000
171fQAeo4gxcjhMQzSRjPcvBjQ2sftEPdyuoZRwWnnEJo,Fully Allocated,647.5666,0.0000
113DVfCNvwxvS3WLfH4Ew6U1DRPocshUrRovUG47f3JUz,Fully Allocated,647.5666,0.0000
17CZ8Uh56UNJLi4LZbXpRhFuuxyinDE6KWgshKWFhfTJy,Fully Allocated,647.5666,0.0000
16Y37jWRX9UfH5weyCDDr6bsBdMCsGFBScpdy1W4FSDiG,Fully Allocated,647.5666,0.0000
1EhqFpucZ7uigz8Dz7kCpLcsj2MqybrGAAs6PLg1j7bxq,Fully Allocated,647.5666,0.0000
1EgqkPqPbAfrgGwvtyJbYHPPtfXDvt8rP1AFc2ZJriXCZ,Fully Allocated,647.5666,0.0000
1GE1NFvoAM35bkUU9ZgaV3MuA1PH3CTVwRpQcw4w4aQcS,Fully Allocated,647.5666,0.0000
16Evm8ciyKFfXbua3RVe8k3PfWscdFgsGdcf8E4zTmu2x,Fully Allocated,647.5666,0.0000
1DoobysEgsxVKyLNW9mA8Mt7iRZEasmc8kf5PjcCKxGg5,Fully Allocated,647.5666,0.0000
1EYfTav8yB8eM6koL4aP87KNpyoN1bBHzmKCLEyRUsj2m,Fully Allocated,647.5666,0.0000
1AqjxreMTXnixDW3y9LvitByTTXkLjQgHRodjHGTxKYuu,Fully Allocated,647.5666,0.0000
1GXwU1gFwk3HVToVegqsTCGGD82HnvZssWTikaFiLcRGW,Fully Allocated,647.5666,0.0000
15sLDqU9awXP99HwBieowMmwEvVfGzvr8MPJUPuzYGjcu,Under Bought,600.2301,47.3366
13FH2nxJH5bijSCUQtcQCmKZw4z9735v5Ebeqh5hVNrLA,Fully Allocated,647.5667,0.0000
1BnT7pCb1BWcPwVcNYvwUZEP11B3YtcnEuMGEWnRCrkgb,Fully Allocated,647.5666,0.0000
1HZAmmUybEkwPcSaUZcQjwuVoFLZ3qBKmaAa1L7Y99wQt,Fully Allocated,647.5666,0.0000
1AoZpS8tQvpbGxRt2YaUu5vxQ9nDaZdZ7hptaEi1tYbw9,Fully Allocated,647.5666,0.0000
12hRNkjJRLpQk5BuTfMUXJpQqFDGmtAGx7DvGDvLENjMT,Fully Allocated,647.5666,0.0000
1EQ69wTYLt9pg1VagRnmoZKzMCLomPaAQeS92XoY1vP4R,Fully Allocated,647.5666,0.0000
1FUhHj5vPgBHKeh2qXQq8dBKN7YvpLMWQNoRPgigbpKjd,No Purchase,0.0000,647.5667
1Bd9bFMia2hnXfTw773TJLCB4Q2wne86avj6gUXZH4SSF,Fully Allocated,647.5666,0.0000
14Z6dk9v1tKgiJsiY8chuXdsuQ2g6Dm6E9axR2HRDtyRD,Fully Allocated,647.5666,0.0000
1Bimih1ZboeXpA5KWskrxXSAwPvZAvXYh5XDMyjNX37xP,Fully Allocated,647.5666,0.0000
13tyVJam9WAaE6XvFTfHeX9o28qsXoSmigQJnXE7ePBM3,Fully Allocated,647.5666,0.0000
17ZMCP3uFCHeCRDgdvf3gL6v9JoUn5hJo5T1kYCZMmnr8,Fully Allocated,647.5666,0.0000
1AfBFvSU92Sp1GTgFQKD4LQN91vXj22GijqVztpC56ozA,Fully Allocated,647.5666,0.0000
15GsAPeECfmo2g1aMEWZNNHhTUPjPdgMJA7QhuNt8CCEG,Fully Allocated,647.5666,0.0000
1FsPV5BBEJ52D1HFwaGBb98UdkdugstNnCMQx6Yg4MXPB,No Purchase,0.0000,158.2941
1EBPBQJMtqMTedmwNvwnVT2bD9HnMd4GZc5qL2SDWHZWk,No Purchase,0.0000,158.2941
17ZCUMbdX4aCZm8VYsVEP5jw6j9357BuHnkx5YssSrBpi,No Purchase,0.0000,158.2941
1BDkMNxZznUsoDGnt2RZrkeQnPqMqFRhoJapf3gGLTQav,Fully Allocated,158.2940,0.0000
1DW4RitPJ2qSMgU8Yb7MASVvvXa6exu6w12uUVxf1w82o,Fully Allocated,158.2940,0.0000
191kA69wSCpruQZ5bpStrjQuDsiHVghrapAxNgUEYZYHo,Fully Allocated,158.2940,0.0000
1BtuaC3CxAqZdkQRT14aB19ZSeGwxw4XcDchMBDqjgfd8,No Purchase,0.0000,158.2941
1Fmvq1qU4Nq5HXP3r3v7Viob6GtT2yHUhXeNj9ejzGksM,Fully Allocated,158.2940,0.0000
12yE6LsjJY4C9UXZ88evFKFvWeq6pRW8MauQ1JcbE2pcD,No Purchase,0.0000,158.2941
1DV3ETy9fZHY9M45kDwiuP4jN2gXWX8bdvCCnakZpWpXW,Fully Allocated,158.2940,0.0000
16Wom622aJw4eZPDpwnttqGTXH3pp5dXtvGru8cvnrXgW,Fully Allocated,158.2940,0.0000
12p92BdqTE9hrVuNNzEeUyfcEDBhkU43uDeVytiFuPrrf,Under Bought,108.2940,50.0001
1BWG1e9JvexBt7JQHgjWNUZhxUqaLrcqJwbtzaY4jQw96,No Purchase,0.0000,158.2941
148iCVVcbf5krHPbvMG4Btn6rZzUXLdhqUzUgsPumgaKr,Fully Allocated,158.2940,0.0000
1dtjuCALuPvdrceS1JAx8c74TKmrpAZP6bKyAvsB1mgM,Fully Allocated,158.2940,0.0000
12MSaJr9QTCBHrb6tqA7ixigfAD82u5cpocs3n3kGXfYs,Fully Allocated,158.2940,0.0000
1E4c3YB155XL8bATNbdy4Bq7qqfiotBc7HmWqJL5ufT5b,Fully Allocated,158.2940,0.0000
1CKff41U2Mi3JQofSrvoP1UhTz9j5uArAmJWM1rChwR6n,Fully Allocated,158.2940,0.0000
1DPA6kvh33HpuDZW4Ne7UM3TXhcDW1kwJ5ahnReMgT2rX,Fully Allocated,158.2940,0.0000
18WXZgmSQLxbxJENnUvfghggyzqVzzMfQEoN2hS4NByik,Fully Allocated,158.2940,0.0000
157RxGdamVDjK5vmCDfdAjVn32wGrPJfksjunCwe1W1mn,Fully Allocated,158.2940,0.0000
1FyxqjHemw4CBoHAxCuKufQxzhSkYb4nFFJZwCvqYpw4d,Fully Allocated,158.2940,0.0000
1FtcZM2xq7tB6iznSnRWx5cgWcDKXtw19p5pQ75u1pHaU,Fully Allocated,158.2940,0.0000
12iEahsu1JWnPq9zz9Yfah4oiiYtVo47XzNvb1n7hHDWu,Fully Allocated,158.2940,0.0000
19Ka78vUooHvu8TvaDPpMGaaKBaLaXtiKcHiNjdYkhMn9,Fully Allocated,158.2940,0.0000
1GCWgyKEUGXtN14Bh7AbpTqgdMexaD2fLZMxTpEzboCVq,Fully Allocated,158.2940,0.0000
19UsnJMZNYCK45R4bzPqoX5SEjbopgtYuU8Cvcu9qqga5,Fully Allocated,158.2940,0.0000
1Ef6kTpJT2ZmQa2Y5vjfMSQNXhga4PHJ8Nq4ZxkS3ub5A,Fully Allocated,158.2940,0.0000
13wPe6nsFggAngehDvEz6iAZjahTo9oHa99ybFsp25xpG,Fully Allocated,158.2940,0.0000
1D59xM9NgVnFz8U6XqVNGbCiexSEfwF363rVxv8y1DC84,Fully Allocated,158.2940,0.0000
14SpCEk54Eo8gfzYJCkdq8eadStgi9wYxWGJ5hH4u7p8i,Fully Allocated,158.2940,0.0000
186ircQVUU6RkTJFPVNTzjun5JqPWA2d59WzgnEXwZjs8,Fully Allocated,158.2940,0.0000
1981tcqTXjQNuetnPPH2i6sSZEjM6vZ4Zux4pW2V1X3Eu,Fully Allocated,158.2940,0.0000
1Br1ZnDcksKUvUstQmtacEmiHvLRsXESC1RqYNPheGrS2,Fully Allocated,158.2940,0.0000
19hsBBHuX9YYAyeS5wdL5WWTV2aoZiPRaKyFMSDgbmmoD,Fully Allocated,158.2940,0.0000
1HiTnJP8CZgy6eLjfxrw5RScYCpTnPWo1QM669hw4AGu9,Fully Allocated,158.2940,0.0000
17LGtLrUugBoUn6ZWPiiN2tYP4cmfg2jWvtK3DpE64Egs,Fully Allocated,158.2940,0.0000
1Hqnmcg2ztpeodsd72F12RniNww4BHzAv94jasjXeUonr,Fully Allocated,158.2940,0.0000
1BzsBup8QuQ1TooWAwESgAHBa6qmStLwTvPi2bi6D9e7n,Fully Allocated,158.2940,0.0000
1DA3fz8MUBrXfxYiWvhy6vsXK9zoh5N33pJ12RFVTBRJK,Fully Allocated,158.2940,0.0000
17JQ8iKiFjBungaaU6giHHYiu3F4vvnCEguXrKCwN1A48,Fully Allocated,158.2940,0.0000
18avXzQFDWcCtn9WAhsvC13kn8asFpG3JDKhoL8XoM9Ee,Fully Allocated,158.2940,0.0000
17CtXeggovqgaJEvYzEs4sQKhvUvjLu95ZmD5jioKmtrv,Fully Allocated,158.2940,0.0000
17otU8cgHvbVXmubxrsbZFd6aS1XQ9f1CzjuzQm9pDTG3,Fully Allocated,158.2940,0.0000
1FsGnhN3TSAjazgE9mpfUHyQXULdrWasfhyGHGtVDWH37,Fully Allocated,158.2940,0.0000
1HPWyhvTHTdHGx9oKq3PD6p6hAUUCADab76eGPumiXqza,Fully Allocated,158.2940,0.0000
13BhzH45dJUw4e44Drb3X3HxzdqhxNaauTDPjGaeWY4pv,Fully Allocated,158.2940,0.0000
16ax3djn9JQ9EFg1FyEvf39i2oxs8UHQcjgDB12KbmNJZ,Fully Allocated,158.2940,0.0000
17NCk92Gg4th1YtAgC5iEAidJrDf9fqr1aaq6KppdH6FZ,Fully Allocated,158.2940,0.0000
12Le1HD6MxY74mDLVBzhSWYSrz7TyJByt8DauGoDxZBcP,Fully Allocated,158.2940,0.0000
1Eb4U9f4rhrUGQY8dVSrysAhhwBnLBY7B4J8D4u5VtAub,Fully Allocated,158.2940,0.0000
159sakgja8zAMohGvgsRZXNZ1SKieHB73VuFe2imtfAef,Fully Allocated,158.2940,0.0000
1DYDmX4scpoTzXNKh3nBr81MuBknzZ9H5SaxekvEnxf4E,Fully Allocated,158.2940,0.0000
1CAhUk4icAaEC6Xeq5Ra3L4kbSNyHYKWyc2wpDPNnjh7z,No Purchase,0.0000,158.2941
19KzzRrWpSPJw89ujfYBBaQzkWdL6qcVSUbEs8CFvceqe,Fully Allocated,158.2940,0.0000
12xqHs3V9y3iuvrGJAd3bjmwma6tn8jsWMSBTL9UiAAtc,Fully Allocated,158.2940,0.0000
1FP5vnsYVd4zmDnp7SXS1yhPV9FJ2fEM8KFXjkbMBf5f6,Fully Allocated,158.2940,0.0000
1HfKusJwNfsjeHNh6fFivAWZT1x6C8Nr7HHw1mSRrrvns,No Purchase,0.0000,158.2941
12GacPqwMch9HZsoKmCLk39XcVNW3d6VXREkHws6aZqHv,Fully Allocated,158.2940,0.0000
14AhW3ZPtVskvxeh9qbxZwm3a5ooeEB4KUmpXNnLCJdAa,Fully Allocated,158.2940,0.0000
18VM5x7iqAsC9XJm3TQHxuQqBy1LNgYZD39GZwYZgiNcJ,Fully Allocated,158.2940,0.0000
1F5tVgSpmScoXfRVKDuKbJaWTZKRWU1RV63wvDYVk9wbJ,Fully Allocated,158.2930,0.0000
12mmYTGudyQj7WxXtwjpbCC7qxErtzSjDqmPJfxS9hip9,Fully Allocated,158.2940,0.0000
146ghjE6UGG6nMZ8Tr7DmAL17hajQTwT2QMQQc5QzGJtp,Fully Allocated,158.2940,0.0000
1Aadh4ywfbf1UrEkXotXazFBQKHdDxwchrUgL4mRccUNL,Fully Allocated,158.2940,0.0000
1QHqdauBq6HRD4v2mNwsRHvdC4VcuxFG2oduE232oxod,Fully Allocated,158.2940,0.0000
12w5j6vR7uXpxoMkfhS399J2Gke6dT8HbrXhN9jT1Jgz1,Fully Allocated,158.2940,0.0000
12TdzRUFLcVwxepvgtDHQya4nzjrZKaXXPFcVN9j91MfW,Fully Allocated,158.2940,0.0000
1KxMQSrhMSU2VzHSWqzFLw1K5oLBw4hmUjW4dHxj8z4Y,Fully Allocated,158.2940,0.0000
183o9whViuxcx5j1hbwdeyhH4qmwfiniGAJDnMGJ3MZoc,Fully Allocated,158.2940,0.0000
1A4tL8sPNzcF5NMyVLuMuyQZTa6QyVpkXw2rHJvuSp55X,Fully Allocated,158.2940,0.0000
18uQD8FnpApTiXzvx3red19PnKB24fHUyvWigwfCKSdHK,Fully Allocated,158.2940,0.0000
1Bz1S1tvV6rCbKcFzjGbafw8v8ymmirAyXDx93v7Vm5Ns,Fully Allocated,158.2940,0.0000
1GXWH48hQagGv5b3ncoknZaHUPZsXknFbCnbhuWe5xTP8,Fully Allocated,158.2940,0.0000
1CUpWqZvZVykDexymLvRyiCBPFeN12oLDMybg59Ajw2GA,Fully Allocated,158.2940,0.0000
1YvtiSv33ogutEPb6iMVGxZsSEmi7sbSqdRJfxvm6eUW,Fully Allocated,158.2940,0.0000
1BKAHwHshcT68Sd974XkAMoqoACk7Lt7gE7gQcU1WMDEs,Fully Allocated,158.2940,0.0000
1ACHMGSjTMnLTWepBEB1aowVrwjhXKCDLr5K6LD65dcvm,Fully Allocated,158.2940,0.0000
18CZ8E1NVP4fJwKXAHxhKNnH8nw2NqbLT9dzxu8UM4yA8,Fully Allocated,158.2940,0.0000
1F1bX5RtQFYwwKiLXhzemuA1pLZyMvZtV83Ui5s9SudLK,Fully Allocated,158.2940,0.0000
1Hd3kqURhPG47iyiKk1Km8kZxdYiF4o5pZa5DUPCE6QmL,Fully Allocated,158.2940,0.0000
1HU567nMqMDBaYfvGJTUc8M7iNNdf4vZP38wD8seH7moH,Fully Allocated,158.2940,0.0000
1BSGr3jqQfmZQqDAP9hryzMMcMy8Qk5FsTcLxsu3M4erc,Fully Allocated,158.2940,0.0000
1FdixHLsNze9JvRwSB9GqLYByWxKLfyzyp9hmufUxJoZk,Fully Allocated,158.2940,0.0000
1EWPDFUhuHzsQkGQeXU6JU2yirSiZyELSBdqKQMAM7t8F,Fully Allocated,158.2940,0.0000
15Q3eDSSgQYT4p58kxbW6jURiFqFqLonzaJ9p4zkECAyG,Fully Allocated,158.2940,0.0000
1AQwQWBsqPxmujLuKhFXKG4xDafsNJBTJR7KUNJcdTiSD,Fully Allocated,158.2940,0.0000
1A198v5yoLsQvrVQAUDhydd8UbFRFpGtKiTyonLxM9Xza,Fully Allocated,158.2940,0.0000
1EHBZ1Dn4YYFQbBbnjUnJSE6VmTzi4LTZw9iUy9ZtHeP7,Fully Allocated,158.2940,0.0000
1EkXwB9s8EwghrgaDQrrnRycc54R61LHBqyQBp8c5j5P3,Fully Allocated,158.2940,0.0000
1FqdSB3zS6U2ZVY8RbuvHiguMDwopXa5VH6y1jUhuvLFd,Fully Allocated,158.2940,0.0000
19CVqcrV5ewZ9QioM541tTeWpswwLNoK3SAtNYdsCvRXS,No Purchase,0.0000,158.2941
13EVCw8iT3MdTsTYrZmqCfw8Z3UbugbE5b9LVRjcdc6JE,Fully Allocated,158.2940,0.0000
18ad8R8RJpyWQuo55nbMFUWdqZUD85ZEPXbmn1BfBKbts,Fully Allocated,158.2940,0.0000
1J4G6FUU9Y3dtWNqShGk5zcUY6Etct6RQriUNWTcAgQo9,Under Bought,46.8500,111.4441
16yPrBFFaJKL99uYiTAFRf8HwsvuGgi9JidzNK5vp4hDR,Fully Allocated,158.2940,0.0000
1EK75jKyMp7BDPD1BSyvZzYyeR4PJJ8dNT3vSHHBKqHXz,Fully Allocated,158.2940,0.0000
1GbXxsJajsXFDUAPcCiaTrYVxfdqLxR37boTDEbf2iXg6,Fully Allocated,158.2940,0.0000
1DkrHsyKeg39XTQpSNucARLURQbJwkoCBhmpi9RipXkkk,Fully Allocated,158.2940,0.0000
1Bx3C315mwbS88i5dnYeFCWRi8mYFAWCtF6J1yZtkukhX,Fully Allocated,158.2940,0.0000
19H1h6smw3NtQFjBj4Vycc2rQAq4MQbPW854ZtjmCV3um,Fully Allocated,158.2940,0.0000
168tuxsUvy1sbtbWupW3sVqhoDgQGGHka5E8myD568ZbS,Fully Allocated,158.2940,0.0000
19P5mf2XkwhA98qa6fiSsrmYr11zFNDuh3FWFmwZBY16Q,Under Bought,67.8024,90.4917
15tQpWQH94d3PUWtULtLse5S7gbHUQ4VWYwRP5dJ6QUyu,Under Bought,151.3048,6.9893
13AQyjtEG73bQ37QsgsqA6vub4ggYX7KUeK9Q2KrHVCgm,Fully Allocated,158.2940,0.0000
12adiTUruSKGimkxqr9o3EzNqedwH2rkVRXRr894E2uVq,Fully Allocated,158.2940,0.0000
1J7dWEhUCihFEBt9BLJZ8WPU4knUuTCehmSRRiyX77Xnu,No Purchase,0.0000,158.2941
1CeQaJ2tqttqrxK2X9Tqw8Hs9ieiLpsG6Rsaruy3Ppt7E,Fully Allocated,35.9758,0.0000
1Chzy1hKpv82gcLfkbixWeLxgX6RweJnJXLvvi444CuL4,Under Bought,19.6268,16.3491
1FezRTKvKhVDkNSAyFpVRznQqoPDx6SadXrL3wMbSqMp,Fully Allocated,35.9758,0.0000
1D5v8uAcj1A1QnSh7u7dt1A7jNKgb4NojEJouBKvJydYn,No Purchase,0.0000,35.9759
1Fv1xViMZ3DoMUgW7z4uxLuR4ayqgSNvr4VctYwhet6U5,No Purchase,0.0000,35.9759
13KhPN2vdnfeynFuB4ngfcKVceoF5uxQ9x8QxtHCsmZ2c,No Purchase,0.0000,35.9759
1FBxoxC1EL9oRJDr8XhBVkz51EuQjcwiQL4x7HEtrQeAP,No Purchase,0.0000,35.9759
1VboPXehgJfCReiYZvvRWqbWy1dKTM8WmDB1rx5ekxu9,No Purchase,0.0000,35.9759
1CGVV2ZVxvE5KBFXfyHVRTw5dTjtAtv6JkY2tHFD6nxqd,Fully Allocated,35.9758,0.0000
1HhARgUmMwjs4Tya54LFX5mf8Ai2nYi28TUeGazuLFNhE,Fully Allocated,35.9758,0.0000
1vskqp9to6TMAhvonV1kAGr6g16uGT2DMQRhCrqtwMjG,No Purchase,0.0000,35.9759
19VWWwhxhbb23RqhgYZQh5WntCrXQbZNqzH9rPJwk71Vm,Fully Allocated,35.9758,0.0000
19892hLqHbxhH3V7zLt6TnEXdqV7nQEgn7GegQ13Jbqqb,Fully Allocated,35.9758,0.0000
19rzedX66Z3ZzHbqXuPHbD93YEoTHmZLAREjjzockRHLW,Fully Allocated,35.9758,0.0000
16E4MuD6GuLFbA3yzpfv67z3FqPqsGjkegSzsUF5wuDhQ,Fully Allocated,35.9758,0.0000
168S4LtH1g47xXe4a2fDnLzjFTKTNEthCuZ76CecsMTx9,No Purchase,0.0000,35.9759
17CsnwoFnxrxPAo5VzGUX2de5BKaZrWVJdpr81vfFPt1c,Fully Allocated,35.9758,0.0000
1BeLfQnF7B4kZPgd8jD764ADKZgQ5z8AdU83XVHhPUqSM,Fully Allocated,35.9758,0.0000
1DutVxHfBAvUw5NimtNgXG3TwPQAkohne2PFpmZpmATaG,Fully Allocated,35.9758,0.0000
14RZzaEu31DqtzQrY4wRaEVjxGhsdoAcBDsDpKLPDSGpP,Fully Allocated,35.9758,0.0000
1F3NE7NzHwAxCFDUnVLMgDppy6EHmwAgLvQ8fY1SqgpMG,Fully Allocated,35.9759,0.0000
12Q14G6NdTraDLP8YPprm5hXn2fu9aNPdmNRw9LgDQ8zv,Fully Allocated,35.9758,0.0000
1CKPpNYX3erwTVgcaTJJs2Nuo5MdaEmszzcrLtb91pbDe,No Purchase,0.0000,35.9759
1HVh9bYAcr39eZxd89mUxaqPTdCxTDWV2FBqBJbMgnN99,Fully Allocated,35.9758,0.0000
164gXLUMYX6RZBTLB9rdrYwn9o9n9LUjqnQgtiThPKo18,Fully Allocated,35.9758,0.0000
138Ae2xXSPadUDABfFqSQh2ajFghqxPmMAK3yjbvUZ2Co,Fully Allocated,35.9758,0.0000
1ARwVtz56ZhpMKNaw3jXz6EF6h9QTbnicGH25NVxY56tf,Fully Allocated,35.9758,0.0000
18zhNamtJhmbv3VsAVL7Jj16VnPGneNTrUrrFeR5eAUB9,Fully Allocated,35.9758,0.0000
1BEiUZmgkn3ABiVFVR6YVbnJfqW6MhjtDbuNYijjUrzkS,Fully Allocated,35.9758,0.0000
1DSc2gWcbryonVj2NKTS1RNruqUd2Z5ssfERV1PLbSG35,Fully Allocated,35.9758,0.0000
1EwnZ2x1in7uUcujAfAwbdZwpGkAnA8aYMCTB6WBF8Qbm,Fully Allocated,35.9758,0.0000
185jjt5WLnxSWX6tFJqaxnqjgRZdYeoSaZSPhUWG5HHuR,Fully Allocated,35.9758,0.0000
1Epk5Kt7XaFQRnUJnRgq4G7HzztcbZ5SQdCrjCxq8DoF3,Fully Allocated,35.9758,0.0000
1FsBEHZvxjU7yBbfsjZomeHHFTDrdMnKuFp1sVNremL3V,Fully Allocated,35.9758,0.0000
18TY1pP2QtbHRZzQNMuUW6dqjEcFy5YrBUszZ6oAqX5pG,Fully Allocated,35.9758,0.0000
1HhWohD4fM389AEq7pHNZM6zBYWuBaGutVsKM96CGzNyZ,Fully Allocated,35.9758,0.0000
1APvdDuaaJcocqSSq3gLBor5tNP5JDkTg4VjhqT9yzeda,Fully Allocated,35.9758,0.0000
17Dc5aA9XBaL1eAJW7FKRc3sHrVZK2mVAfrhevvLPjCZN,Fully Allocated,35.9758,0.0000
17aruf6WRTrJD3XfG9SNqTHDb7hjcy8r2LY2FQSc165bm,Fully Allocated,35.9758,0.0000
12NJogtbBM3HmvQGTCYDmBVWz317LpRSjsUTN1PrNFtau,Fully Allocated,35.9758,0.0000
18A4vpusDFogQtQaV6oSkfYFB1YkwDni1ZH1nffC7VvCt,Under Bought,7.8893,28.0866
1C6Xm1w9bgWMT4xY7XqZWtEsqQFqewedLhd11m2Y8DAQ,Fully Allocated,35.9758,0.0000
1J4axTttiPZWWR6fptXCp56uDutNQpLakpycj4XpxUJxK,Fully Allocated,35.9758,0.0000
1FKs8jcWGRyYDVFk9iGqxfKXLmWxaXueqZpcbz3VTeroE,Fully Allocated,35.9758,0.0000
17RBkHizTXHqWedG8GUVdVcmxRN6ziBhpWXQVWUQQYZfL,Fully Allocated,35.9758,0.0000
18hjTXpj9mFdBSbKV9Xqnuhf815axYjiEA9nHwLg1smmc,Fully Allocated,35.9758,0.0000
16yDqBSNSXNW2ZaDyTMccwAFUbXGz8DM3jSqMjY1drLPi,Fully Allocated,35.9758,0.0000
12VZgjVziugPKZJeqgLd285JnsMKpTUPhufKrsU5G3Cpv,Fully Allocated,35.9758,0.0000
168KnzP61YMxBDW5noeFZhoxtfwcEFRACZ72RT9RUgRm2,No Purchase,0.0000,35.9759
1HF7wKXwUwUqXrQeEq7KCkjb3U2hoayHonNaNeHAyn7c7,Fully Allocated,35.9758,0.0000
148GgppJyB3gjUFKAbSt38hR6tyFyeXs6RhHLp1nK34sQ,Fully Allocated,35.9758,0.0000
16hMRNYveCxC8UStARoDK9WoqLweQEMsz1Rwhg3wr2eij,Fully Allocated,35.9758,0.0000
13uEjuAyu1tWFQs1j7cPhhYiVSVk4qNGATKiZQVQuxsUF,Fully Allocated,35.9758,0.0000
12gPxNTJNSyvdkNjbR3M9d1Ka1P72nMQZWuEMCDFLm8RT,Fully Allocated,35.9758,0.0000
1CHw4aB53va2BC1GCgf9HCmVwvmD8mTKUyiSvbqi3SUdJ,Fully Allocated,35.9758,0.0000
12pRrKwV6dhvUVzH8wLwdBsq8ubzYACQBcbqgSi4j8bWE,Fully Allocated,35.9758,0.0000
14ydZrPLTMfjXXHC1PE5mRF8wCgjNpE9ut2yzKWFj58s5,Fully Allocated,35.9758,0.0000
1GLpmRWy7K7U8Vj9caznXHf11Bhdmjg9DKny48q2DS1qg,Fully Allocated,35.9758,0.0000
1EmELXaYrB6nXRz7QSo8tC7RtomgqcEjFMFswxpSaSo1v,Fully Allocated,35.9758,0.0000
1bqCLAQy2cxva2WbWK4fkWqwyWmAZxpg6GRQqWbhiGPv,Fully Allocated,35.9758,0.0000
1HBJg8a6qiAqdrXhYGrSZ5iNVacMBaL6Q93aZ7qF1rtEM,Fully Allocated,35.9758,0.0000
15hUPGJP2xA24M1fXbE3SqiXE2623D44C9CFGdLpFijyo,Fully Allocated,35.9758,0.0000
1BS4MCPPf8QoSJChfh1UyysSPw7VGktxqMcnTnRfGh5F8,Fully Allocated,35.9758,0.0000
1BpZrxALrax1Su7xrWmXz5QajxaGwUnXfnch319sqUfb3,Fully Allocated,35.9758,0.0000
1AgCY4Yj3DtAZ2527r5nLeeaks4pvUY6AFQgzAW83pYj2,Fully Allocated,35.9700,0.0000
17GLkR5Y42CTqPpbUYHeksY8hCPGJsgeMbQ8tKMyWxu2L,Fully Allocated,35.0000,0.0000
1HmYFRxKmzzVJdGQfoh8RKbSRxguoawGcpui1Uf4WpbRh,Fully Allocated,35.9758,0.0000
19DK1yZaKzLnuH8jFoWHEyfpEoQDaR2NPiQk1g1ojH4gS,Fully Allocated,35.9758,0.0000
1CD42x11sZiSWmq7vto8WPgrC3Poc1c4pn6ThSe8BrtFb,Fully Allocated,35.9758,0.0000
14txU6Y6mt6phfGGHsZicf5zSrDFifJYyrLqP5x1WU7qy,Fully Allocated,35.9758,0.0000
1Cn4ZPuv9WT62joMfCugS5SnJShsRH7jCZiLbbHuDf1sn,No Purchase,0.0000,35.9759
12zmYs3ucvwu46b8KUnBHfqCu1nW5TtFRVzmVEaivu59p,Fully Allocated,35.9758,0.0000
1F5r6EpMVCXL7ZkYjrmytk7Ruri7Cg24J8Q9q6n2SrF5z,Fully Allocated,35.9758,0.0000
1CCPrasiXwb8e2wXebUgKgWL7TW9DpFh8aCNAMnBrW3WU,Fully Allocated,35.9758,0.0000
12mTJC1zqoTuaphMM8wkH9sMoXeYjpUiPxGN7JzaYZEpY,Fully Allocated,35.9758,0.0000
16BihMoWbvisRDxuD9rr92qD1iqo2dDYKYNsVjyB3adj4,Fully Allocated,35.9758,0.0000
1ArzwP35qdza691L6jrL6cZBBvqsGiYJNDXtai9bBqmjf,Fully Allocated,35.9758,0.0000
1MvxsDkBLBecJYHJavPom7X12pBEXmyYmNnzN7esvFZH,No Purchase,0.0000,35.9759
18da13hz9fbCLbmYt7mbihVBU3ZUwQcUuSd9jHTAceBmd,No Purchase,0.0000,35.9759
1Exeu1TC8DQsLb5neGJCiytTZnYJ77sw6grhAyHki38u2,Fully Allocated,35.9758,0.0000
18T4YyCc967Q1Fvjibx4YwMdwze2Z5fXAtaQ7sMTsKR3J,Fully Allocated,35.9758,0.0000
17MXcooHYdN1LwDA8nSwWxcDCbTDrEFCGuTgDL3zNDeST,Fully Allocated,35.9759,0.0000
18RiWpCpD8yNjFnwYJLv982UANKub7M9VEAY1CrCoFvJz,Fully Allocated,35.9758,0.0000
12NMchEeJiPmezUgypvftaTacWvp8sA2WVGQYPm2FpwLn,Fully Allocated,35.9000,0.0000
1BCSzVfq5Bx7RhvaZy2RxLcqYBCakjA4r4DSfmT3tHQrP,Fully Allocated,35.9758,0.0000
1MGaKzz9x59bMig5WDJUWuXqU1VbLcUwH7MVPbSF87o1,Fully Allocated,35.9758,0.0000
14LruVLYkxtJ5dXhZ2V5wP3UMS83LwhdBkRj627vqYNVF,Fully Allocated,35.9758,0.0000
1H6CPpiaGr29R3huu1A7mKNqH2hFDn2SPKkt3EyJkoV97,Fully Allocated,35.9758,0.0000
1AR2EAKr9CHupEk56CFoQiTA6AYT32RU8866ZdtMq4cj3,Fully Allocated,35.9758,0.0000
19pjsGUCXwDjyE9nbPYovZ3TLZ4ekcN3hGSrMz5bAaiNP,Fully Allocated,35.9000,0.0000
13mh87S1LjVe4CNZtgm952ewdMTEvJTzUqKu5TUzM41hh,Fully Allocated,35.9000,0.0000
1HMUSizjyudmqt8byrbadnZzD8GQz34S5HYA58gbZgmTv,Fully Allocated,35.9758,0.0000
1J5dHZ2tPPhdzzBfGBHTzcHULzDBLnXZ8JcJ43SRY33cD,Fully Allocated,35.9759,0.0000
17qVTfZM1aa6aSUZwrCSXzx4yw3AgQJjt7YepJ1mtdTMb,Fully Allocated,35.9758,0.0000
1bgZqiRYX7cRC28Mn3jqUYsUGRV5UxDaSpPLXUSWXB8N,Fully Allocated,35.9758,0.0000
14oCSxv9MVu2V2iskoM9WnD5q4MjSM6UMbjbdjSgNQ2pn,Fully Allocated,35.9758,0.0000
1Ajmf3x5CLuDYay7evd4QENF9WbECc3ziihL9qf4j8GBk,Fully Allocated,35.9758,0.0000
1567SxpLT4jd9FuZVrBgVWasJb5b8mFVWgNkJ95e27wRS,Fully Allocated,35.9758,0.0000
1Eb9FDE76HhkCa8hPHZUyoYoYJrUPPaPxz9KzwSh2g42Z,Fully Allocated,35.9758,0.0000
18uKp3Uq11jZrPLw6rUXT5hJpsWHV827vGFEhvDikYjdK,Fully Allocated,35.9000,0.0000
125ydoZ2V6c8cGnibyqPvXauWsSmdLAyY9NfGse1GBi72,Fully Allocated,35.9758,0.0000
15AcoJ8TeaUYV2xjjE8eQmJSZvmJbFmsSJpcAP8Hjube4,Fully Allocated,35.9758,0.0000
19GakrQbMiJ8MiJEMJRiDKNrnLvMmKMnzA5Fko9a3PFpd,Fully Allocated,35.9758,0.0000
1AzDHQctftGtQZU2YzSqoxa5857FWP7FM7LUPP3ZYVVsR,Fully Allocated,35.9758,0.0000
1AcBGnrSHtcg1nqYKcEdDsVv67EYy15LLsGVPpf8Yt5z2,Fully Allocated,35.9758,0.0000
12cRrvQpfxd4EwxarbtD2xraNEBNVKewgnuSi1iezVpQm,Fully Allocated,35.9758,0.0000
15jh5PSSHwSG1wqPjNupVTPXe9t62bHG4qUf3k32EtxVC,Fully Allocated,35.9758,0.0000
1AFhUG1kBphvjifx2rdqUDoNNhEsDJrcwDVEZdcfMPsrk,Fully Allocated,35.9758,0.0000
19xqKhLxv8KzC3CyCbw4A5JmkAkRC42b5uhLFA9EH3QAU,Fully Allocated,35.9758,0.0000
1GgGrrigxGRL6sWhzpm9kzhqA1gNGYW5kAZWSKkphn6Pi,Fully Allocated,35.9758,0.0000
1Fwc1QPmW4RTvTESN3pnge5eMrADF8KWn97DuMYwfRyrn,Fully Allocated,35.9758,0.0000
19S91e4bTi2WgfWsx3pNtiSYfvikJfcvn1dC4xqyhiwqQ,Fully Allocated,35.9758,0.0000
1FVd5C79xpgEUiEfBHJM9b6vQojyh7Y36U5HE84kxGmwU,Fully Allocated,35.9758,0.0000
169CH6Z29GiW3a61Cywy37pDh68pz2LQVW4SLLM4jUp4b,Fully Allocated,35.9758,0.0000
1AccNL5p1hJq13Kz4NAGCoNvBPnNUZqAbVVjR2ruqpeSH,Fully Allocated,35.9758,0.0000
14P7S6yaoyrPqudTeEkrrZcCrZMJ568qjztrBN54sqjmK,Fully Allocated,35.9750,0.0000
1GGdLZdydpQE4VXNuHpK6gc6EqMVviVKf7133bdsX6zkQ,Fully Allocated,35.9758,0.0000
1HqurFBKVBZe4EUcDgmAXJfFHjK2GyDYSK1Y5yoArnpXp,Fully Allocated,35.9758,0.0000
1EkbdGUhHFyM44tXyPdCo1cYsu3PqGWM3vvVYmoBdf3QD,Fully Allocated,35.9758,0.0000
197wv7pkZ3jCq3e7B6DVdSDctrqWKpcK4AzaB6mgJinVe,Fully Allocated,34.9870,0.0000
1AWLhHWhwV1D1anBMMDTRiBsgX3FV3818Ge7rMxHEBPvG,Fully Allocated,35.9758,0.0000
1EGfM9Loo6ywkJwr8wwKq854PnR2WjZWLpDZYvjoKX8GR,Fully Allocated,35.9758,0.0000
1HZpLsbmgeC8apBZnxAwNVU7hP9vTGaSyiWQWUoyNgZ17,Fully Allocated,35.9758,0.0000
15wgcQY4yRgiBAMSa4B6uVPRfXQiUrzkkrgifGLntwDDY,Fully Allocated,35.9758,0.0000
12EjRKb4x4WKrgJRr2kL8EgfvX4uv6Uo5WgEPKDadwXmn,Fully Allocated,35.9758,0.0000
1CQZpdjPHNZn26ewxA51T9k1axkHgznDZUbTHwbhxmBGR,Fully Allocated,35.9758,0.0000
1A2WJDECAscUdo8sKGwp1BhzAu93sRWiwDYkhdZDXPYch,Fully Allocated,35.9758,0.0000
185NNAhNs9xGLGcr1dmXqR42PAcRko14dS4tk4u2scCMi,Fully Allocated,35.9758,0.0000
1Bmcuba95McwVfhFybr88shsxRf2nG6TMMXfHcvNC11CE,No Purchase,0.0000,35.9759
1JDXnRhtQFcXufeiqppfKZdqkLRGowW6QFM25bbRgBxGN,Fully Allocated,35.9758,0.0000
12A2mT1Q5jaVMm8iXm3se5JxvEvrbT6CzFBEVz3Lhuntx,Fully Allocated,35.9758,0.0000
1Dq4zBJxqSQVUvRxTBe3jWLANkGuwpqcLmu3wbrSNRcdJ,Fully Allocated,35.9758,0.0000
18DToAkqpSKA29cSCsGk4LbK7aeSxXzuk4toUcT4NfaQL,No Purchase,0.0000,35.9759
12c4FPU7gkyKS1NQf1GcfyFN6FboTkcJKR7MG5EXnAShK,No Purchase,0.0000,35.9759
1BjwWZEFaWYD9HLyNASTiVZD1ct4Z75Fpv8oGW7C9BWjz,No Purchase,0.0000,35.9759
1D6YurQLDMHmtAoxAR4pkd4Mck4G6m9xZiQgPJ7hXE9zu,Fully Allocated,35.9758,0.0000
1BEeTb2x29odR1cA1uqd8py6p5fhsnXFKXCUivY7iCvra,Fully Allocated,35.9758,0.0000
14MoE6meZ3RsXX6nqwwDHSBBKu1PWEJ53Uu723pCrSEBH,Fully Allocated,35.9758,0.0000
1Dno7uCcdFL1eKrvxeqn5vz1xmUJb43dkMj3gRfu2WQa2,Fully Allocated,35.9758,0.0000
15spRKhscieX4y9JT4vHdrX4Gam9T3QdMED3acJ4Cp97K,Fully Allocated,35.9758,0.0000
17fBedD5VTyALy51zH7VnUTMawXkZbi3SifQ9iZJBWWqS,Under Bought,30.0000,5.9759
14Ny7RFJf3qpUHL5YcueW1KR4PBsoezFP5ECJ1hHBPsWk,Fully Allocated,35.9758,0.0000
1CQA55HoJLJGrNsqMbrYLsssFaYKDkY3Qv77r67Po7UcJ,Fully Allocated,35.9758,0.0000
1AaKqXQwwsVpCMBmWqBN5AtZ6QTY52DUsQoTuGYUnaor8,Fully Allocated,35.9758,0.0000
1AzCPFc6p67VhW4Z58ZDkweRi4979QN3Pr67zfPM5XwjM,Fully Allocated,35.9758,0.0000
19m5PX9LTjgijDhQnZYc7rJwBbKXJSQCyvQAnTRhsVeCK,Under Bought,15.0000,20.9759
16AHBTxuhfE3zLLwvV7RnKuUKEjXumrmZBQc8HvhqoyRD,Fully Allocated,647.5666,0.0000
1HCzJ2fcPBZ5YxM3syu8oiaod6BzW8mpmD1tWQaFWvzcT,Fully Allocated,647.5666,0.0000
19QmFi8ggDQHefd8SDLkjV8itSLF4TR2NFW4Nd3VTzpqP,No Purchase,0.0000,647.5667
1G848nkGy8mR8hGNJS17dRrgDdoSpJfoqwCv5MhwDZK7W,Fully Allocated,647.5666,0.0000
13WAiQscgiCbExgVrgaef5wH17YNguwwqumniyXZRuVF8,Fully Allocated,647.5666,0.0000
19fCjH6Y8XNUqJrUajrnE1PajykiexpJ5LXQ7gacpZ4nL,Fully Allocated,647.5666,0.0000
17EPhGfRhHSKHCbhWS9eiGyCr7aWHRsu1VaXKuaZXPN3X,Fully Allocated,647.5666,0.0000
129BUyGDVQKVZCkNngP9CibBcoj6hxuDJFWsqptXqWHGB,Fully Allocated,647.5666,0.0000
112JFyGvRUMdCTGGPGeheYEiXrZoq4mzHRHt75FVk3qxM,Fully Allocated,647.5666,0.0000
1dQtjC5t1cRAhxa8qKfY4mYWb9umHioGXUjaNUYzQsWD,Fully Allocated,647.5666,0.0000
13JVFsTWQXNLqGRGJebBNvNxeBp9fpyeTkYocB19Rmaj4,No Purchase,0.0000,647.5667
163wcb6UWRKgbrm5Cpjw9BkRUK4WJryyukjoKgtgRmzex,Fully Allocated,647.5666,0.0000
12dsw3dsWgGkXqwUm7AuSysGenAaWAyHvKLgRzW5rNUBu,Fully Allocated,647.5498,0.0000
1EahY1PwdRqZQgjZNr42gonMg4Wzi8C7HiB4dUsP4T9Wt,Under Bought,12.4000,635.1667
1FYEqSw7hoCHhEFkKBk8vTrHTXHzWQnUdhLG7g76VpXm5,Fully Allocated,647.5666,0.0000
139JFSptJf4GW3DoMidPLc4o814UB15eK5wNyWNcwm7nc,Fully Allocated,647.5666,0.0000
18y1b9xZ4DY1XeJiZMkRvgRMGK4gBaBNaU6ZB5xw3Ryok,Fully Allocated,647.5666,0.0000
1EZta8YqNEknUjsVsT8zyV2uuvRZsfXnQoJPA5oXBLeki,Fully Allocated,647.5666,0.0000
1FR9LEURL93N1DYNpBmrMuPpVBDhSQLiSZamMam8gb5vB,Fully Allocated,647.5666,0.0000
1FH7A56fJkuN2TnWnPJ4ZnFAef5urcRA4J2fVDauFEikx,No Purchase,0.0000,647.5667
165cxwrGAXrw8yYLPry3T9K1XDX84CLRAh9ZA1LpH26TP,Fully Allocated,647.5666,0.0000
1DauvoUyJCNdT9fZbrhEQrpy2iBUnuaDVvqhNiTuor2oN,No Purchase,0.0000,647.5667
1Fy72Q8cpr9u8NtqAx8jhLpU1PuyKyGTSRPvDfVHvy7Dy,Fully Allocated,647.5666,0.0000
1F81Fx48GF2wUqVX7YzMHoTdNxb8MsmURN2nDhzTfjYK4,Fully Allocated,646.9000,0.0000
1mJsV2SAiWCqWr5CA4b96UZfix5MBCSsc8fUkzH5iSAG,Fully Allocated,647.5666,0.0000
1CZwvKDTgxgn7tkUpRLykmLoY3vgKxUjL2eYiBqiTLYbk,Fully Allocated,647.5666,0.0000
1DKeN55isjYbACoiVmpXJ3GpEH62oAVcPa8nP2Srg1b1a,Under Bought,0.8190,646.7477
1FSNxDFLFt7k9j8i3VyhfKY8tovdg5xh6ViexNfDG7ECc,Fully Allocated,647.5666,0.0000
1Bwc4GFuWQFwk4QybpHkiRZYxz2QyvHtPMUikaXpBokx4,Fully Allocated,647.5666,0.0000
135zc7hViTDYqveC2yvWNfmyR4xKB47NkwGxyphTLLWqK,Fully Allocated,647.5666,0.0000
1GHzctbEhi3QHncqhcvPXSEW86EbW7xn3XiiYqftmfctm,Fully Allocated,647.5666,0.0000
1A3W694JvDmvxuZ5SCH13P3RPNfWoircYUCRcPjoBD6wm,Fully Allocated,647.5666,0.0000
16VzWKMm6gmvR1DCwP3PNATtAHG822HcdjWxhRwX1u9qA,Fully Allocated,647.5666,0.0000
18c4DzUfuD6egHKx6JYeEU6xiCaYVLCkeFEe5drfeUKtR,Fully Allocated,647.5666,0.0000
18YbWJzwA4nRiJc5SYY2Fu1Ymi5Tz3K5dSquYpbHvjfcb,Fully Allocated,647.5666,0.0000
1GH8PQ5ZHFSPxQZt2PUPeZ7gEfvzDHAhUWLE5na1zVskp,Fully Allocated,647.5666,0.0000
1CZXubnU1bPhvX2VGMJ1SRgh3qx2ScikubJ7RmWE2NTPj,Fully Allocated,647.5666,0.0000
13eFJ87gcWKBa4NcKHfC1jL1KcMigFeTjK1wEsHTxTZVX,Fully Allocated,647.5666,0.0000
1GfQfrcEx7XHz168TvoUKbtkRzxw9mQrHWEXif51NqzRF,Fully Allocated,647.5666,0.0000
1FahjWnb46pp4dcHASxDpQkpx1wkDradjNRxV4JerHNcH,Fully Allocated,647.5666,0.0000
1BS2nhxdKSLKGwuBn3muk3n9mAG3gVSPZNBr6TnSaWCyB,Fully Allocated,647.5666,0.0000
143U6XZW2dahzGjb99ZtQGsyGJuX1rHNmHuATFsF5pp1C,Under Bought,646.4667,1.1000
1G4L6RbDBQr5SMuCkBBF6CFqECWAJECy4uPxwwqYfQYAb,Fully Allocated,647.5666,0.0000
1799vLCW43sCZ97j2Zw4q7PRuxHtg2e5Kvkj2MGoZq2Wd,Fully Allocated,647.5666,0.0000
1Add6Taufmd4rjcAZLNBJnzGd63HHtHkWQEnX9Yv97Af9,Fully Allocated,647.5666,0.0000
17qjUbNpd3DgY1EUi7WsMLzzYPbV2ULknbktfTto9DkiA,Fully Allocated,647.5666,0.0000
1CLMnWnEutvwUjoUtaHeJ1zTj5TmeAyCk7asgThUAk7ee,Fully Allocated,647.5666,0.0000
198NYnjrFrsJ9XWNbF6oSF8mHsuJcH7Dg4mhpfnFLX8gf,Fully Allocated,647.5666,0.0000
19iM6zm5BhKbtLkZpuC175BaSFdryi7geFVvWUvtzn1xY,Fully Allocated,647.5666,0.0000
15xdwNnZ8bhjYmpTn3jAwnMhe1NB9P27TfYHE3kTjrgga,Fully Allocated,647.5666,0.0000
13bSYTRUoZLGTKtCNm81dYgESf2cEQQD4oeheYaCtoLNS,Fully Allocated,647.5666,0.0000
17UTg9htHYzPxBqCw2jYQ5C1fFERH3SZgAwYhSPYJM9Y1,Fully Allocated,647.5666,0.0000
1HgLxsSkAdzzKZeAb3JRLLratN2M5gmDhFEm3LHVVnvZN,Under Bought,639.5617,8.0050
17ovWseG41uBD64G7QenULvoPvNZCV3t6jich7LAXCoMi,Under Bought,373.0000,274.5667
17FzuHFt6W9whLMdvPYPVKSEqyUjz9zaMCVsq3dqbBqZw,Fully Allocated,647.5666,0.0000
1CXkPDZA22fQv1EWdCs2neza8BkXFo5cCU8Lu4jATgTZU,Under Bought,56.0149,591.5518
195sM1yRBM3QhWX7zFpA9dsSfDzLAobiTnUDVp1cio6do,Fully Allocated,647.5667,0.0000
1GkuZf18yQeLAXn8Dxy684mj4HsgDV5xyYoW2iBpLDcTs,Under Bought,200.0000,447.5667
1DL1C4VZ7rXe1JyUQ3gvRQpGMpP2KhNLygy39t7igP47p,No Purchase,0.0000,647.5667
1CMBAinTWaaEFVU2SAaTBm9s67SPRLCm1wbDW9iW34BV9,Under Bought,114.5730,532.9937
16HLBhyQxhnW68ooEGcMHgR6VDXPLJLFC5YXGB9QsRnr9,No Purchase,0.0000,647.5667
1HZD6KX66zV8hnL3LKYMpZ4hEg5RVbNeRYrQZzBhA9NFo,Fully Allocated,647.5666,0.0000
1CWjbYSZwkqUqPDod7pxxV2n41eGQnfWuCrfmjzP9GRja,Fully Allocated,647.5666,0.0000
15JYwm41YciXwr2Ln1H847AdH9tueFGweYcJCFBPCZAxU,Fully Allocated,647.5666,0.0000
1F3pGPJtdoAjUuQs2PxHk1gTDMeWoeyGqQWxuFSFmoeg,Under Bought,646.4667,1.1000
19eo2qUVKadGvBbaV46y9VQqQ7kUoVqDzvK9mRSs13vZ1,Fully Allocated,647.5666,0.0000
1GiYAHpQmndjJRYxrJ5mW9Kh12r21kN95eiUgo65RaNCo,Fully Allocated,647.5666,0.0000
14ng74ZbWCHTin7V6BUrpUzgACNQpKk2xBEQJotLHv3Uj,Fully Allocated,647.5666,0.0000